<catalog>
    <widget>
        <name>limit-overview-heading</name>
        <contextItemName>[BBHOST]</contextItemName>
        <properties>
            <property label="Title" name="title" viewHint="text-input,admin">
                <value type="string">Limit Overview Heading</value>
            </property>
            <property label="Icon" name="icon" viewHint="text-input,admin,designModeOnly">
                <value type="string"></value>
            </property>
            <property name="src">
                <value type="string">$(itemRoot)/index.html</value>
            </property>
            <property name="thumbnailUrl">
                <value type="string">$(itemRoot)/icon.png</value>
            </property>
            <property name="limitOverviewHeading" label="Limit Overview Heading" viewHint="text-input,admin,designModeOnly">
                <value type="string">Your Current Overdraft Limit is </value>
            </property>
            <property name="limitOverviewLabel" label="Limit Overview Label" viewHint="text-input,admin,manager,designModeOnly">
                <value type="string">You can increase or decrease this overdraft amount anytime</value>
            </property>
        </properties>
        <tags>
        </tags>
    </widget>
</catalog>
